id,name,slug
677,Abstract,abstract
227,Abstract Concept,abstract-concept
550,Acehnese,acehnese
24,Acronym,acronym
206,Adjective,adjective
884,Adjectives,adjectives
246,Afghan,afghan
309,Afghani,afghani
3,Africa,africa
702,African,african
549,African American,african-american
133,African Bantu,african-bantu
514,African Diaspora,african-diaspora
613,African Igbo,african-igbo
311,African Muslim,african-muslim
363,African Mythology,african-mythology
850,African (Sub Saharan),african-sub-saharan-2
412,African Sub Saharan,african-sub-saharan
97,African Swahili,african-swahili
12,African Tribal,african-tribal
215,African Zulu,african-zulu
570,Afro Asiatic,afro-asiatic
861,Agriculture,agriculture
38,Akan (Twi),akan-twi
864,Albanian,albanian
680,Algeria,algeria
715,Algerian,algerian
238,Algonquian,algonquian
555,Altaic,altaic
52,Amazigh,amazigh
881,American,american
325,American English,american-english
87,American Indian,american-indian
298,Amharic,amharic
418,Ancient,ancient
261,Ancient Civilizations,ancient-civilizations
913,Ancient Egyptian,ancient-egyptian
817,Ancient Germanic,ancient-germanic
470,Ancient Hebrew,ancient-hebrew
252,Ancient Persian,ancient-persian
804,Ancient Roman,ancient-roman
232,Ancient World,ancient-world
579,Angel,angel
434,Anglo Frisian,anglo-frisian
771,Anglo Saxon,anglo-saxon
853,Angolan,angolan
150,Animal,animal
135,Animals,animals
650,Anime,anime
376,Anthroponymy,anthroponymy
597,Apache,apache
179,Apostles,apostles
898,Arabian,arabian
644,Arabic,arabic
204,Arabic (Egyptian),arabic-egyptian
491,Arabic Islamic,arabic-islamic
111,Arabic Muslim,arabic-muslim
748,Aragonese,aragonese
761,Aramaic,aramaic
181,Archaic,archaic
89,Architecture,architecture
76,Argentinian,argentinian
121,Armenian,armenian
331,Arthurian,arthurian
2,Arthurian Legend,arthurian-legend
886,Asante,asante
551,Ashanti,ashanti
186,Asian,asian
858,Astronomy,astronomy
268,Asturian,asturian
705,Atlantic Congo,atlantic-congo
425,Australia,australia
57,Australian,australian
876,Austrian,austrian
608,Austronesian,austronesian
46,Authors,authors
661,Automotive,automotive
518,Aymara,aymara
660,Azerbaijani,azerbaijani
225,Aztec,aztec
28,Aztec Mythology,aztec-mythology
172,Balinese,balinese
552,Balochi,balochi
630,Baltic,baltic
530,Bambara,bambara
559,Bamileke,bamileke
732,Bangla,bangla
272,Bangladeshi,bangladeshi
500,Bantu,bantu
175,Bashkir,bashkir
819,Basotho,basotho
145,Basque,basque
404,Basque Mythology,basque-mythology
828,Batswana,batswana
106,Bavarian,bavarian
863,Beautiful,beautiful
527,Beauty,beauty
71,Belarusian,belarusian
604,Belgian,belgian
531,Bemba,bemba
829,Bengali,bengali
746,Bengali Hindu,bengali-hindu
902,Bengali Muslim,bengali-muslim
826,Beninese,beninese
893,Benue Congo,benue-congo
264,Berber,berber
334,Beverage,beverage
756,Beverages,beverages
67,Bhutanese,bhutanese
289,Bible,bible
313,Biblical,biblical
836,Biblical African,biblical-african
107,Biblical Aramaic,biblical-aramaic
758,Biblical Figure,biblical-figure
772,Biblical Figures,biblical-figures
23,Biblical Hebrew,biblical-hebrew
285,Biblical Latin,biblical-latin
915,Biblical (New Testament),biblical-new-testament
144,Biblical (Old Testament),biblical-old-testament
760,Biblical Old Testament,biblical-old-testament-2
855,Biology,biology
61,Birds,birds
374,Bolivian,bolivian
16,Bosnian,bosnian
128,Botanical,botanical
420,Botany,botany
483,Botswana,botswana
882,Brahmin,brahmin
452,Brand,brand
678,Brands,brands
667,Brazil,brazil
112,Brazilian,brazilian
883,Brazilian Portuguese,brazilian-portuguese
463,Breton,breton
585,British,british
566,Building,building
580,Buildings,buildings
755,Bulgarian,bulgarian
871,Burkinabe,burkinabe
684,Burkina Faso,burkina-faso
389,Burmese,burmese
230,Burundian,burundian
63,Cambodian,cambodian
628,Canadian,canadian
512,Cantonese,cantonese
411,Carnivores,carnivores
865,Caste,caste
198,Castilian,castilian
631,Catalan,catalan
809,Catawban,catawban
380,Catholic,catholic
322,Catholicism,catholicism
407,Caucasian,caucasian
656,Cebuano,cebuano
191,Celebrities,celebrities
508,Celebrity,celebrity
816,Celestial,celestial
267,Celtic,celtic
40,Celtic Mythology,celtic-mythology
221,Central,central
509,Central African,central-african
273,Central American,central-american
485,Central Asian,central-asian
818,Central Bantu,central-bantu
187,Chadian,chadian
70,Character,character
495,Characters,characters
214,Chechen,chechen
379,Chemistry,chemistry
872,Chewa,chewa
275,Chichewa,chichewa
416,Chilean,chilean
154,Chinese,chinese
547,Chinese Mythology,chinese-mythology
907,Choctaw,choctaw
891,Christian,christian
359,Christian (Biblical),christian-biblical
127,Christian (Catholic),christian-catholic
100,Christian Figures,christian-figures
492,Christianity,christianity
692,Christian (Latin),christian-latin
195,Christian Mythology,christian-mythology
287,Christian Religion,christian-religion
572,Christian Religious,christian-religious
878,Christian Saint,christian-saint
403,Christian Saints,christian-saints
830,Cities,cities
236,Clothing,clothing
217,Cognomen,cognomen
188,Colombian,colombian
165,Color,color
240,Colors,colors
293,Combination,combination
670,Comorian,comorian
814,Companies,companies
125,Company,company
602,Compound,compound
317,Computer Science,computer-science
469,Concept,concept
596,Concepts,concepts
10,Congo,congo
690,Congolese,congolese
655,Construction,construction
278,Contemporary,contemporary
775,Coptic,coptic
78,Cornish,cornish
386,Cosmetics,cosmetics
35,Costa Rican,costa-rican
694,Country,country
874,Creative,creative
621,Creatures,creatures
740,Creole,creole
218,Croatian,croatian
813,Cuban,cuban
113,Cuisine,cuisine
741,Cultural,cultural
451,Culture,culture
84,Czech,czech
396,Dagbani,dagbani
847,Dakota,dakota
805,Dance,dance
185,Danish,danish
908,Deities,deities
330,Deity,deity
652,Demons,demons
229,Derived,derived
911,Devotional,devotional
131,Diminutive,diminutive
92,Diminutives,diminutives
653,Dinka,dinka
360,Dominican,dominican
319,Double,double
20,Dragons,dragons
167,Dravidian,dravidian
130,Drugs,drugs
601,Dutch,dutch
862,Dzongkha,dzongkha
642,East African,east-african
453,East Asian,east-asian
393,Eastern,eastern
371,Eastern African,eastern-african
433,Eastern Asian,eastern-asian
26,Eastern European,eastern-european
698,Eastern Orthodox,eastern-orthodox
153,Eastern Slavic,eastern-slavic
124,Ecuadorian,ecuadorian
184,Edoid,edoid
564,Education,education
835,Egypt,egypt
449,Egyptian,egyptian
271,Egyptian Arabic,egyptian-arabic
94,Egyptian Mythology,egyptian-mythology
831,Electronics,electronics
435,Elven,elven
471,Elvish,elvish
79,Emotions,emotions
156,England,england
248,English,english
687,English (American),english-american
200,English (British),english-british
792,English (Modern),english-modern
85,English (Old),english-old
807,English (Rare),english-rare
821,Entertainment,entertainment
753,Eritrean,eritrean
101,Eskimo,eskimo
375,Esperanto,esperanto
415,Estonian,estonian
475,Ethiopian,ethiopian
34,Ethiopic,ethiopic
806,Ethnic,ethnic
582,Ethnicity,ethnicity
718,Etruscan,etruscan
897,Eurasian,eurasian
82,Europe,europe
300,European,european
896,Exotic,exotic
93,Fairies,fairies
197,Fairy,fairy
50,Fairy Tale,fairy-tale
567,Famous,famous
276,Fantasy,fantasy
161,Fante,fante
635,Faroese,faroese
749,Farsi,farsi
430,Fashion,fashion
914,Fertility,fertility
96,Fiction,fiction
239,Fictional,fictional
48,Fictional Character,fictional-character
773,Fictional Characters,fictional-characters
459,Fijian,fijian
490,Filipino,filipino
171,Finance,finance
324,Flemish,flemish
448,Flora,flora
747,Floral,floral
765,Flower,flower
143,Flowers,flowers
174,Folklore,folklore
277,Foreign,foreign
163,Frankish,frankish
840,French,french
222,French (Modern),french-modern
351,Frisian,frisian
283,Fruit,fruit
717,Fruits,fruits
522,Fulani,fulani
247,Fulfulde,fulfulde
340,Gabon,gabon
381,Gabonese,gabonese
310,Gaelic,gaelic
488,Galician,galician
658,Gambian,gambian
147,Games,games
762,Gaming,gaming
689,Ganda,ganda
105,Geographic,geographic
306,Geographical,geographical
45,Geographical Feature,geographical-feature
767,Geographical Features,geographical-features
619,Geographical Location,geographical-location
774,Geographical Locations,geographical-locations
378,Geography,geography
439,German,german
134,Germanic,germanic
321,Germanic Mythology,germanic-mythology
910,Ghana,ghana
696,Ghanaian,ghanaian
916,Ghanian,ghanian
576,Giants,giants
349,Gikuyu,gikuyu
55,Girls,girls
253,Gothic,gothic
885,Government,government
178,Guatemalan,guatemalan
66,Gujarati,gujarati
737,Habitation,habitation
706,Habitational,habitational
848,Haitian,haitian
726,Haitian Creole,haitian-creole
668,Hangul,hangul
825,Hausa,hausa
458,Health,health
467,Healthcare,healthcare
384,Hebraic,hebraic
521,Hebrew,hebrew
180,Heroes,heroes
733,High German,high-german
766,Hindi,hindi
791,Hindu,hindu
390,Hindu Deities,hindu-deities
720,Hindu God,hindu-god
623,Hindu Gods,hindu-gods
9,Hinduism,hinduism
869,Hindu Mythological,hindu-mythological
209,Hindu Mythology,hindu-mythology
281,Hindustani,hindustani
27,Hip Hop,hip-hop
402,Hispanic,hispanic
663,Hispanics,hispanics
441,Historical,historical
603,Historical Figures,historical-figures
59,History,history
307,Honduran,honduran
426,Honorific,honorific
213,Human,human
599,Hungarian,hungarian
900,Iberian,iberian
14,Ibibio,ibibio
290,Icelandic,icelandic
724,Idiophones,idiophones
356,India,india
674,Indian,indian
445,Indian Culture,indian-culture
657,Indian (Hindu),indian-hindu-2
560,Indian Hindu,indian-hindu
686,Indian Muslim,indian-muslim
91,Indian Mythological,indian-mythological
205,Indian Mythology,indian-mythology
373,Indian (Sanskrit),indian-sanskrit
370,Indian Subcontinent,indian-subcontinent
503,Indic,indic
594,Indigenous,indigenous
170,Indigenous American,indigenous-american
228,Indigenous Australian,indigenous-australian
244,Individuals,individuals
456,Indo Aryan,indo-aryan
196,Indo European,indo-european
546,Indonesia,indonesia
329,Indonesian,indonesian
489,Indonesian Muslim,indonesian-muslim
342,Indonesian Mythology,indonesian-mythology
788,Indonesion,indonesion
786,Insects,insects
160,Inspirational,inspirational
162,International,international
473,Internet,internet
199,Internet Culture,internet-culture
139,Internet Slang,internet-slang
366,Inuit,inuit
659,Inuktitut,inuktitut
224,Invented,invented
614,Iranian,iranian
333,Irish,irish
534,Irish Gaelic,irish-gaelic
345,Irish Mythology,irish-mythology
565,Iroquoian,iroquoian
679,Isixhosa,isixhosa
31,Isizulu,isizulu
301,Islam,islam
299,Islamic,islamic
350,Island,island
507,Israeli,israeli
578,Italian,italian
605,Ivorian,ivorian
612,Jamaican,jamaican
235,Japanese,japanese
589,Japanese Mythology,japanese-mythology
220,Javanese,javanese
51,Jewish,jewish
104,Job Title,job-title
712,Job Titles,job-titles
768,Judeo Christian,judeo-christian
392,Kabyle,kabyle
827,Kalanga,kalanga
517,Kalenjin,kalenjin
516,Kamba,kamba
654,Karakalpak,karakalpak
42,Karanga,karanga
69,Karen,karen
315,Karnataka,karnataka
166,Kashmiri,kashmiri
58,Kazakh,kazakh
1,Kazakhstani,kazakhstani
207,Kenya,kenya
577,Kenyan,kenyan
468,Kerala,kerala
598,Keralite,keralite
548,Khmer,khmer
138,Kikongo,kikongo
249,Kikuyu,kikuyu
335,Kings,kings
65,Kinyarwanda,kinyarwanda
177,Kirundi,kirundi
422,Kiswahili,kiswahili
149,Kongo,kongo
719,Konkani,konkani
588,Korean,korean
856,Kosovar,kosovar
304,Kurdish,kurdish
487,Kyrgyz,kyrgyz
286,Lakota,lakota
62,Landform,landform
164,Landforms,landforms
6,Laotian,laotian
574,Latin,latin
73,Latina,latina
651,Latin America,latin-america
637,Latin American,latin-american
785,Latin American Spanish,latin-american-spanish
266,Latinate,latinate
683,Latino,latino
8,Latinx,latinx
722,Latvian,latvian
60,Leaders,leaders
751,Leadership,leadership
18,Lebanese,lebanese
714,Legal,legal
688,Legend,legend
583,Legendary,legendary
168,Legendary Creatures,legendary-creatures
81,Legendary Figure,legendary-figure
427,Legendary Figures,legendary-figures
377,Legends,legends
362,Leonese,leonese
641,Lesotho,lesotho
241,Liberian,liberian
428,Libyan,libyan
802,Lifestyle,lifestyle
158,Lingala,lingala
5,Literary,literary
208,Literary Figures,literary-figures
137,Literature,literature
505,Lithuanian,lithuanian
308,Locality,locality
562,Location,location
372,Locations,locations
633,Lord Shiva,lord-shiva
212,Low German,low-german
782,Luganda,luganda
736,Luhya,luhya
115,Macedonian,macedonian
400,Maghrebi,maghrebi
815,Maharashtrian,maharashtrian
126,Malagasy,malagasy
288,Malawian,malawian
912,Malay,malay
763,Malayalam,malayalam
800,Malayali,malayali
339,Malayan,malayan
385,Malayo Polynesian,malayo-polynesian
482,Malaysia,malaysia
695,Malaysian,malaysian
54,Maldivian,maldivian
803,Malian,malian
413,Mandarin,mandarin
750,Mandarin Chinese,mandarin-chinese
535,Mande,mande
265,Manding,manding
537,Mandinka,mandinka
364,Manipuri,manipuri
203,Maori,maori
890,Mapuche,mapuche
866,Mapudungun,mapudungun
770,Marathi,marathi
176,Marian,marian
461,Martial Arts,martial-arts
909,Masai,masai
796,Masculin,masculin
173,Mathematics,mathematics
752,Mauritanian,mauritanian
646,Mayan,mayan
155,Media,media
336,Medical,medical
110,Medicine,medicine
894,Medieval,medieval
725,Medieval English,medieval-english
844,Medieval French,medieval-french
424,Medieval German,medieval-german
662,Medieval Italian,medieval-italian
432,Medieval Welsh,medieval-welsh
109,Mende,mende
824,Mesoamerican,mesoamerican
231,Mexican,mexican
795,Mexico,mexico
462,Micronesian,micronesian
49,Military,military
296,Minor Gods,minor-gods
799,Minor Prophets,minor-prophets
429,Modern,modern
498,Modern Arabic,modern-arabic
626,Modern English,modern-english
849,Mohawk,mohawk
136,Moldovan,moldovan
457,Mongolian,mongolian
201,Montenegrin,montenegrin
595,Month,month
783,Mountain,mountain
294,Mountains,mountains
43,Movies,movies
812,Mozambican,mozambican
446,Municipality,municipality
292,Music,music
357,Musical,musical
822,Musical Instrument,musical-instrument
842,Musical Instruments,musical-instruments
344,Musician,musician
4,Musicians,musicians
649,Muslim,muslim
11,Muslim (Arabic),muslim-arabic
528,Myanmar,myanmar
811,Mystical,mystical
480,Mythical,mythical
327,Mythical Beings,mythical-beings
556,Mythical Creature,mythical-creature
634,Mythical Creatures,mythical-creatures
332,Mythical Figures,mythical-figures
906,Mythological,mythological
838,Mythological Figure,mythological-figure
511,Mythological Figures,mythological-figures
17,Mythology,mythology
743,Nahuatl,nahuatl
523,Namibian,namibian
438,Nandi,nandi
880,Native American,native-american
529,Native American Mythology,native-american-mythology
284,Nature,nature
553,Nature Inspired,nature-inspired
369,Navajo,navajo
383,Ndebele,ndebele
431,Nepalese,nepalese
544,Nepali,nepali
701,Neutral,neutral
730,New Testament,new-testament
519,New Zealand,new-zealand
510,Nguni,nguni
639,Nicaraguan,nicaraguan
355,Niger Congo,niger-congo
645,Nigeria,nigeria
671,Nigerian,nigerian
682,Nigerians,nigerians
15,Nigerien,nigerien
302,Nilotic,nilotic
839,Noble,noble
703,Nordic,nordic
493,Norman,norman
497,Norse,norse
745,Norse Gods,norse-gods
151,Norse Mythology,norse-mythology
270,North African,north-african
632,North American,north-american
444,Northern Sotho,northern-sotho
590,North Germanic,north-germanic
681,North Indian,north-indian
341,Norwegian,norwegian
75,Nouns,nouns
515,Novel,novel
388,Novels,novels
558,Nyanja,nyanja
368,Nymphs,nymphs
454,Ocean,ocean
860,Oceanian,oceanian
673,Oceanic,oceanic
731,Oceanids,oceanids
533,Ojibwa,ojibwa
793,Ojibwe,ojibwe
889,Old English,old-english
183,Old French,old-french
707,Old German,old-german
423,Old Germanic,old-germanic
629,Old High German,old-high-german
255,Old Irish,old-irish
352,Old Norse,old-norse
841,Old Testament,old-testament
260,Old Testament Figures,old-testament-figures
479,Opera,opera
713,Oriya,oriya
699,Oromo,oromo
857,Orthodox,orthodox
506,Orthodox Christian,orthodox-christian
409,Ovambo,ovambo
895,Pacific Islander,pacific-islander
326,Pagan,pagan
13,Pakistan,pakistan
314,Pakistani,pakistani
536,Panamanian,panamanian
647,Panjabi,panjabi
879,Paraguayan,paraguayan
710,Parsi,parsi
391,Pashto,pashto
581,Pashtun,pashtun
122,Patronymic,patronymic
242,Patronymics,patronymics
417,Patronyms,patronyms
700,Performing Arts,performing-arts
401,Persian,persian
742,Person,person
716,Personal,personal
245,Personal Care,personal-care
466,Personality,personality
263,Peruvian,peruvian
610,Pet Form,pet-form
108,Pet Forms,pet-forms
103,Philosophy,philosophy
148,Phoenician,phoenician
353,Phrase,phrase
117,Phrases,phrases
189,Physics,physics
436,Place,place
274,Places,places
484,Plant,plant
691,Plants,plants
83,Poetry,poetry
29,Polish,polish
337,Political,political
721,Politician,politician
615,Politicians,politicians
709,Politics,politics
887,Polynesian,polynesian
210,Polynesian Mythology,polynesian-mythology
37,Pop Culture,pop-culture
343,Popular,popular
118,Popular Culture,popular-culture
481,Populated Place,populated-place
47,Populated Places,populated-places
501,Portugese,portugese
575,Portuguese,portuguese
875,Proper,proper
704,Proper Noun,proper-noun
778,Proper Nouns,proper-nouns
365,Prophetic,prophetic
478,Prophets,prophets
739,Protestant,protestant
269,Puerto Rican,puerto-rican
398,Punjabi,punjabi
757,Quechua,quechua
250,Quran,quran
437,Quranic,quranic
593,Rajasthani,rajasthani
450,Rajput,rajput
738,Rare Turkish,rare-turkish
618,Real Estate,real-estate
243,Region,region
557,Regional,regional
30,Regions,regions
297,Religion,religion
193,Religions,religions
868,Religious,religious
129,Religious Figure,religious-figure
675,Religious Figures,religious-figures
477,Religious Title,religious-title
419,Restaurant,restaurant
182,Restaurants,restaurants
781,Retail,retail
234,River,river
316,Rivers,rivers
44,Roman,roman
539,Roman Catholic,roman-catholic
568,Romance,romance
854,Romanian,romanian
305,Roman Mythology,roman-mythology
405,Romansh,romansh
361,Romantic,romantic
563,Royal,royal
387,Royalty,royalty
223,Rundi,rundi
348,Rwandan,rwandan
146,Saint,saint
7,Saints,saints
397,Salvadoran,salvadoran
672,Samoan,samoan
358,Sanskrit,sanskrit
216,Sardinian,sardinian
666,Saxon,saxon
609,Scandinavian,scandinavian
780,Scandinavian Mythology,scandinavian-mythology
98,Science,science
280,Science Fiction,science-fiction
36,Scots,scots
320,Scriptural,scriptural
291,Semitic,semitic
192,Seneca,seneca
295,Senegal,senegal
258,Senegalese,senegalese
810,Senegambian,senegambian
617,Sepedi,sepedi
538,Serbian,serbian
797,Serbo Croatian,serbo-croatian
486,Services,services
852,Sesotho,sesotho
832,Setswana,setswana
697,Shakespearean,shakespearean
837,Shia Muslim,shia-muslim
573,Shiva,shiva
851,Shona,shona
88,Short,short
888,Sicilian,sicilian
525,Sikhism,sikhism
899,Sindarin,sindarin
64,Sindhi,sindhi
901,Singaporean,singaporean
777,Singer,singer
571,Singers,singers
367,Sinhala,sinhala
102,Sinhalese,sinhalese
600,Sinitic,sinitic
611,Sino Tibetan,sino-tibetan
636,Siouan,siouan
592,Sioux,sioux
892,Siswati,siswati
524,Slang,slang
464,Slavic,slavic
382,Slavic Mythology,slavic-mythology
540,Slovak,slovak
554,Slovene,slovene
202,Slovenian,slovenian
190,Snacks,snacks
744,Social Media,social-media
282,Somali,somali
903,Songwriter,songwriter
833,Sotho,sotho
90,Sotho Tswana,sotho-tswana
21,South Africa,south-africa
323,South African,south-african
474,South American,south-american
606,South Asia,south-asia
262,South Asian,south-asian
627,Southeast Asian,southeast-asian
455,South East Asian,south-east-asian
219,Southern Africa,southern-africa
32,Southern African,southern-african
86,Southern Bantu,southern-bantu
735,Southern Sotho,southern-sotho
586,South Indian,south-indian
728,South Korean,south-korean
520,South Slavic,south-slavic
643,South Sudanese,south-sudanese
798,Spanish,spanish
504,Spanish (Latin America),spanish-latin-america
543,Spanish (Latin American),spanish-latin-american
22,Spirits,spirits
801,Spiritual,spiritual
318,Spirituality,spirituality
74,Sports,sports
873,Sri Lankan,sri-lankan
251,Stage,stage
823,Stars,stars
233,String Instrument,string-instrument
693,String Instruments,string-instruments
169,Sub Saharan African,sub-saharan-african
784,Sudanese,sudanese
808,Sumerian,sumerian
116,Sunda,sunda
561,Sundanese,sundanese
905,Sun Gods,sun-gods
259,Supernatural,supernatural
460,Swahili,swahili
499,Swati,swati
303,Swazi,swazi
904,Swedish,swedish
442,Sylheti,sylheti
338,Symbol,symbol
408,Symbolism,symbolism
114,Syriac,syriac
502,Tagalog,tagalog
787,Tahitian,tahitian
256,Taiwanese,taiwanese
845,Tajik,tajik
640,Tamazight,tamazight
279,Tamil,tamil
764,Tanzanian,tanzanian
72,Tatar,tatar
532,Technology,technology
159,Television,television
584,Telugu,telugu
472,Temne,temne
406,Teochew,teochew
859,Terms Of Endearment,terms-of-endearment
769,Teutonic,teutonic
734,Theology,theology
625,Theophoric,theophoric
648,Tibetan,tibetan
754,Tigrinya,tigrinya
846,Titan,titan
226,Titans,titans
354,Title,title
237,Titles,titles
99,Togolese,togolese
476,Tonga,tonga
676,Tongan,tongan
141,Toponym,toponym
616,Toponymic,toponymic
421,Toponyms,toponyms
157,Towns,towns
25,Trade,trade
95,Traditional,traditional
569,Travel,travel
587,Tribal,tribal
394,Tshivenda,tshivenda
513,Tsonga,tsonga
132,Tswana,tswana
68,Tuareg,tuareg
867,Tumbuka,tumbuka
834,Tunisian,tunisian
545,Turkic,turkic
685,Turkish,turkish
152,Turkish Muslim,turkish-muslim
119,Turkmen,turkmen
347,Tuscan,tuscan
142,Tuscarora,tuscarora
790,Ugandan,ugandan
443,Ukrainian,ukrainian
541,Umbundu,umbundu
447,Unique,unique
465,United States,united-states
346,Unusual,unusual
776,Urhobo,urhobo
496,Uruguayan,uruguayan
669,Uyghur,uyghur
638,Uzbek,uzbek
395,Variant,variant
711,Variants,variants
723,Vedic,vedic
607,Vegetables,vegetables
39,Vehicle,vehicle
53,Vehicles,vehicles
211,Venda,venda
494,Venezuelan,venezuelan
77,Vhavenda,vhavenda
843,Video Games,video-games
708,Viking,viking
328,Virtue,virtue
877,Visual Arts,visual-arts
56,Volta Congo,volta-congo
414,Water,water
440,Weather,weather
729,Welsh,welsh
80,Welsh Mythology,welsh-mythology
123,West African,west-african
194,Western,western
779,Western African,western-african
19,Western Culture,western-culture
257,West Frisian,west-frisian
665,West Germanic,west-germanic
120,Wiradjuri,wiradjuri
542,Wolof,wolof
789,Women,women
727,World,world
591,Writers,writers
526,Xhosa,xhosa
622,Xitsonga,xitsonga
41,Yemeni,yemeni
410,Yolngu,yolngu
624,Yoruba,yoruba
399,Yoruba Mythology,yoruba-mythology
870,Yoruban,yoruban
820,Yoruboid,yoruboid
254,Yucatec,yucatec
664,Yucatec Maya,yucatec-maya
794,Yucatec Mayan,yucatec-mayan
759,Yugoslav,yugoslav
620,Zambian,zambian
33,Zimbabwe,zimbabwe
312,Zimbabwean,zimbabwean
140,Zoroastrian,zoroastrian
