id,name,slug
6,Afghanistan,afghanistan
2,Africa,africa
292,African,african
236,African American,african-american
299,Albania,albania
364,Albanian,albanian
282,Algeria,algeria
298,Algerian,algerian
94,Algonquian,algonquian
378,America,america
370,American,american
121,Amharic,amharic
173,Ancient Egypt,ancient-egypt
386,Ancient Egyptian,ancient-egyptian
340,Ancient Germanic,ancient-germanic
191,Ancient Hebrew,ancient-hebrew
335,Ancient Roman,ancient-roman
351,Ancient Rome,ancient-rome
321,Anglo Saxon,anglo-saxon
123,Angola,angola
362,Angolan,angolan
250,Apache,apache
172,Arabia,arabia
265,Arabic,arabic
315,Aramaic,aramaic
51,Armenian,armenian
1,Arthurian Legend,arthurian-legend
169,Australia,australia
26,Australian,australian
219,Aymara,aymara
275,Azerbaijani,azerbaijani
90,Aztec,aztec
68,Balinese,balinese
225,Bambara,bambara
310,Bangladesh,bangladesh
108,Bangladeshi,bangladeshi
208,Bantu,bantu
341,Basotho,basotho
58,Basque,basque
115,Basque Country,basque-country
157,Basque Mythology,basque-mythology
43,Bavarian,bavarian
33,Belarusian,belarusian
93,Bengal,bengal
345,Bengali,bengali
164,Benin,benin
105,Berber,berber
184,Bhutan,bhutan
116,Bible,bible
130,Biblical,biblical
14,Biblical Hebrew,biblical-hebrew
112,Biblical Latin,biblical-latin
9,Bosnian,bosnian
199,Botswana,botswana
277,Brazil,brazil
46,Brazilian,brazilian
371,Brazilian Portuguese,brazilian-portuguese
186,Breton,breton
245,British,british
20,Brythonic,brythonic
34,Bulgaria,bulgaria
313,Bulgarian,bulgarian
283,Burkina Faso,burkina-faso
301,Burma,burma
150,Burmese,burmese
77,Burundi,burundi
166,Cambodia,cambodia
28,Cambodian,cambodian
291,Canada,canada
212,Cantonese,cantonese
261,Catalan,catalan
106,Celtic,celtic
367,Chewa,chewa
163,Chile,chile
165,Chilean,chilean
243,China,china
62,Chinese,chinese
235,Chinese Mythology,chinese-mythology
381,Choctaw,choctaw
376,Christian,christian
203,Christianity,christianity
379,Colombia,colombia
71,Colombian,colombian
5,Congo,congo
287,Congolese,congolese
323,Coptic,coptic
36,Cornish,cornish
82,Croatian,croatian
339,Cuban,cuban
38,Czech,czech
153,Dagbani,dagbani
358,Dakota,dakota
70,Danish,danish
273,Dinka,dinka
252,Dutch,dutch
350,Egypt,egypt
179,Egyptian,egyptian
40,Egyptian Mythology,egyptian-mythology
192,Elvish,elvish
61,England,england
97,English,english
353,Eritrea,eritrea
311,Eritrean,eritrean
147,Esperanto,esperanto
162,Estonian,estonian
87,Ethiopia,ethiopia
194,Ethiopian,ethiopian
300,Etruscan,etruscan
64,Fante,fante
95,Fictional,fictional
182,Fijian,fijian
202,Filipino,filipino
180,Finland,finland
253,France,france
65,Frankish,frankish
352,French,french
138,Frisian,frisian
221,Fulani,fulani
135,Gabon,gabon
127,Gaelic,gaelic
201,Galician,galician
322,Gambia,gambia
274,Gambian,gambian
175,German,german
56,Germanic,germanic
293,Germany,germany
384,Ghana,ghana
288,Ghanaian,ghanaian
100,Gothic,gothic
176,Guarani,guarani
297,Guinea,guinea
30,Gujarati,gujarati
88,Haiti,haiti
359,Haitian,haitian
305,Haitian Creole,haitian-creole
343,Hausa,hausa
220,Hebrew,hebrew
66,Hebrew Bible,hebrew-bible
318,Hindi,hindi
330,Hindu,hindu
4,Hinduism,hinduism
78,Hindu Mythology,hindu-mythology
156,Hispanic,hispanic
251,Hungarian,hungarian
8,Ibibio,ibibio
117,Icelandic,icelandic
238,Igbo (Nigeria),igbo-nigeria
140,India,india
280,Indian,indian
75,Indian Mythology,indian-mythology
72,Indo European,indo-european
233,Indonesia,indonesia
133,Indonesian,indonesian
144,Inuit,inuit
256,Iranian,iranian
35,Ireland,ireland
134,Irish,irish
226,Irish Gaelic,irish-gaelic
137,Irish Mythology,irish-mythology
122,Islam,islam
120,Islamic,islamic
193,Israel,israel
242,Italian,italian
190,Italy,italy
83,Ivory Coast,ivory-coast
255,Jamaican,jamaican
248,Japan,japan
92,Japanese,japanese
247,Japanese Mythology,japanese-mythology
85,Javanese,javanese
25,Jewish,jewish
215,Kalenjin,kalenjin
214,Kamba,kamba
170,Kashmir,kashmir
67,Kashmiri,kashmiri
27,Kazakh,kazakh
76,Kenya,kenya
241,Kenyan,kenyan
189,Kerala,kerala
234,Khmer,khmer
57,Kikongo,kikongo
98,Kikuyu,kikuyu
128,Korea,korea
246,Korean,korean
125,Kurdish,kurdish
200,Kyrgyz,kyrgyz
114,Lakota,lakota
32,Late Latin,late-latin
239,Latin,latin
271,Latin America,latin-america
262,Latin American,latin-american
302,Latvian,latvian
264,Lesotho,lesotho
216,Liberia,liberia
3,Literary,literary
110,Lithuania,lithuania
210,Lithuanian,lithuanian
81,Low German,low-german
325,Luganda,luganda
308,Luhya,luhya
48,Macedonian,macedonian
39,Madagascar,madagascar
53,Malagasy,malagasy
21,Malawi,malawi
385,Malay,malay
316,Malayalam,malayalam
198,Malaysia,malaysia
289,Malaysian,malaysian
336,Malian,malian
161,Mandarin,mandarin
227,Mandinka,mandinka
142,Manipuri,manipuri
74,Maori,maori
375,Mapuche,mapuche
320,Marathi,marathi
383,Masai,masai
54,Mauritania,mauritania
267,Mayan,mayan
377,Medieval,medieval
304,Medieval English,medieval-english
324,Medieval Latin,medieval-latin
44,Mende,mende
91,Mexican,mexican
333,Mexico,mexico
181,Mongolian,mongolian
96,Mozambique,mozambique
270,Muslim,muslim
224,Myanmar,myanmar
382,Mythological,mythological
12,Mythology,mythology
309,Nahuatl,nahuatl
303,Namibia,namibia
369,Native American,native-american
146,Navajo,navajo
149,Ndebele,ndebele
118,Nepal,nepal
171,Nepalese,nepalese
231,Nepali,nepali
307,New Testament,new-testament
217,New Zealand,new-zealand
211,Nguni,nguni
89,Niger,niger
266,Nigeria,nigeria
278,Nigerian,nigerian
10,Nigerien,nigerien
204,Norman,norman
206,Norse,norse
60,Norse Mythology,norse-mythology
24,North Africa,north-africa
107,North African,north-african
45,Norway,norway
136,Norwegian,norwegian
332,Ojibwe,ojibwe
249,Old Dutch,old-dutch
373,Old English,old-english
69,Old French,old-french
63,Old Frisian,old-frisian
295,Old German,old-german
167,Old Germanic,old-germanic
260,Old High German,old-high-german
101,Old Irish,old-irish
218,Old Javanese,old-javanese
139,Old Norse,old-norse
342,Old Persian,old-persian
143,Old Saxon,old-saxon
148,Old Slavic,old-slavic
355,Old Testament,old-testament
296,Oriya,oriya
290,Oromo,oromo
7,Pakistan,pakistan
131,Pakistani,pakistani
151,Pashto,pashto
197,Persia,persia
155,Persian,persian
104,Peruvian,peruvian
59,Phoenician,phoenician
331,Poland,poland
15,Polish,polish
372,Polynesian,polynesian
160,Portugal,portugal
240,Portuguese,portuguese
178,Proto Germanic,proto-germanic
328,Punjab,punjab
154,Punjabi,punjabi
314,Quechua,quechua
99,Quran,quran
174,Quranic,quranic
365,Religious,religious
23,Roman,roman
363,Romanian,romanian
126,Roman Mythology,roman-mythology
50,Rwanda,rwanda
279,Samoan,samoan
141,Sanskrit,sanskrit
22,Scandinavia,scandinavia
254,Scandinavian,scandinavian
285,Scotland,scotland
18,Scots,scots
119,Senegal,senegal
103,Senegalese,senegalese
257,Sepedi,sepedi
228,Serbian,serbian
361,Sesotho,sesotho
347,Setswana,setswana
360,Shona,shona
374,Sicilian,sicilian
222,Sikhism,sikhism
29,Sindhi,sindhi
145,Sinhala,sinhala
42,Sinhalese,sinhalese
187,Slavic,slavic
229,Slovak,slovak
73,Slovenian,slovenian
111,Somali,somali
346,Somalia,somalia
348,Sotho,sotho
13,South Africa,south-africa
132,South African,south-african
152,South America,south-america
84,Southern Africa,southern-africa
16,Southern African,southern-african
272,South Sudan,south-sudan
356,Spain,spain
334,Spanish,spanish
344,Sri Lanka,sri-lanka
368,Sri Lankan,sri-lankan
11,Sudan,sudan
326,Sudanese,sudanese
338,Sumerian,sumerian
237,Sundanese,sundanese
183,Swahili,swahili
207,Swati,swati
124,Swazi,swazi
31,Swaziland,swaziland
380,Swedish,swedish
47,Syriac,syriac
209,Tagalog,tagalog
327,Tahitian,tahitian
113,Taiwan,taiwan
102,Taiwanese,taiwanese
357,Tajik,tajik
109,Tamil,tamil
168,Tamil Nadu,tamil-nadu
196,Tanzania,tanzania
317,Tanzanian,tanzanian
244,Telugu,telugu
319,Teutonic,teutonic
185,Thailand,thailand
268,Tibet,tibet
269,Tibetan,tibetan
312,Tigrinya,tigrinya
195,Tonga,tonga
281,Tongan,tongan
213,Tsonga,tsonga
55,Tswana,tswana
387,Tuareg,tuareg
286,Tunisia,tunisia
349,Tunisian,tunisian
41,Turkey,turkey
232,Turkic,turkic
284,Turkish,turkish
49,Turkmen,turkmen
294,Uganda,uganda
329,Ugandan,ugandan
177,Ukrainian,ukrainian
188,United States,united-states
263,Uzbek,uzbek
159,Uzbekistan,uzbekistan
79,Venda,venda
205,Venezuelan,venezuelan
19,Vietnam,vietnam
354,Visigothic,visigothic
80,Wales,wales
306,Welsh,welsh
37,Welsh Mythology,welsh-mythology
337,West Africa,west-africa
52,West African,west-african
230,Wolof,wolof
223,Xhosa,xhosa
259,Yoruba,yoruba
86,Yorubaland,yorubaland
366,Yoruban,yoruban
276,Yucatec Maya,yucatec-maya
158,Zambia,zambia
258,Zambian,zambian
17,Zimbabwe,zimbabwe
129,Zimbabwean,zimbabwean
