name,categories
Frogs,Amphibians
Toads,Amphibians
Salamanders,Amphibians
Newts,Amphibians
Axolotls,Amphibians
Crabs,Aquatic
Lobsters,Aquatic
Shrimps,Aquatic
Snails,Aquatic
Octopuses,Aquatic
Axolotl,Aquatic
Mudskipper,Aquatic
African Clawed Frog,Aquatic
Dwarf Pufferfish,Aquatic
Electric Blue Hermit Crab,Aquatic
Canaries,Birds
Finches,Birds
Lovebirds,Birds
Doves,Birds
Quails,Birds
Chickens,Birds
Ducks,Birds
Geese,Birds
Turkeys,Birds
Pigeons,Birds
Peafowl,Birds
Budgerigars,Birds
Cockatiels,Birds
Macaws,Birds
African Grey Parrots,Birds
Amazon Parrots,Birds
Quaker Parrots,Birds
Conures,Birds
Parakeets,Birds
Lovebirds,Birds
Cockatoos,Birds
Pionus Parrots,Birds
Eclectus Parrots,Birds
Hawk-headed Parrots,Birds
Senegal Parrots,Birds
Caiques,Birds
Lories and Lorikeets,Birds
Indian Ringneck Parakeet,Birds
Sun Conure,Birds
Green-Cheeked Conure,Birds
Meyer's Parrot,Birds
Koi,Fish
Cichlids,Fish
Catfish,Fish
Saltwater Fish,Fish
Bamboo Shark,Fish
Epaulette Shark,Fish
Leopard Shark,Fish
Horn Shark,Fish
Cat Shark,Fish
Blacktip Reef Shark,Fish
Whitespotted Bamboo Shark,Fish
Brownbanded Bamboo Shark,Fish
Blue Spotted Stingray,Fish
Motoro Stingray,Fish
Cortez Ray,Fish
California Ray,Fish
Southern Stingray,Fish
Atlantic Stingray,Fish
Leopard Whipray,Fish
Seahorses,Fish
Angelfish,Fish
Discus,Fish
Clownfish,Fish
Gourami,Fish
Platy,Fish
Swordtail,Fish
Rasbora,Fish
Tetra,Fish
Plecostomus,Fish
Siamese Algae Eater,Fish
Tarantulas,Invertebrates
Scorpions,Invertebrates
Hermit Crabs,Invertebrates
Sea Monkeys,Invertebrates
Common Black Ant,Invertebrates
Carpenter Ant,Invertebrates
Leafcutter Ant,Invertebrates
Fire Ant,Invertebrates
Western Honey Bee,Invertebrates
Italian Bee,Invertebrates
Russian Honey Bee,Invertebrates
Carniolan Honey Bee,Invertebrates
Monarch Butterfly,Invertebrates
Painted Lady Butterfly,Invertebrates
Swallowtail Butterfly,Invertebrates
Red Admiral Butterfly,Invertebrates
Mourning Cloak Butterfly,Invertebrates
Stick Insects,Invertebrates
Snails,Invertebrates
Earthworms,Invertebrates
Chilean Rose Tarantula,Invertebrates
Brazilian Black Tarantula,Invertebrates
Emperor Scorpion,Invertebrates
Giant African Land Snail,Invertebrates
Millipedes,Invertebrates
Bee Shrimp,Invertebrates
Cherry Shrimp,Invertebrates
Blue Velvet Shrimp,Invertebrates
Ghost Shrimp,Invertebrates
Dogs,Mammals
Cats,Mammals
Rabbits,Mammals
Guinea Pigs,Mammals
Hamsters,Mammals
Ferrets,Mammals
Mice,Mammals
Rats,Mammals
Chinchillas,Mammals
Hedgehogs,Mammals
Squirrels,Mammals
Sugar Gliders,Mammals
Gerbils,Mammals
Degus,Mammals
Capybaras,Mammals
Skunks,Mammals
Miniature Pigs,Mammals
Pygmy Goat,Mammals
Nigerian Dwarf Goat,Mammals
Babydoll Southdown Sheep,Mammals
Shetland Sheep,Mammals
Dexter Cow,Mammals
Hereford Cow,Mammals
Zebu Cow,Mammals
Highland Cow,Mammals
Belted Galloway,Mammals
Jersey Cow,Mammals
Llamas,Mammals
Alpacas,Mammals
Horses,Mammals
Donkeys,Mammals
Marmosets,Mammals
Fennec Foxes,Mammals
Wallabies,Mammals
Pot-bellied Pigs,Mammals
Prairie Dogs,Mammals
Lemurs,Mammals
Domesticated Skunk,Mammals
Pygmy Goat,Mammals
Nigerian Dwarf Goat,Mammals
Miniature Silky Fainting Goat,Mammals
Babydoll Southdown Sheep,Mammals
Shetland Sheep,Mammals
Dwarf Hotot Rabbit,Mammals
Miniature Cow,Mammals
Dexter Cow,Mammals
Jersey Cow,Mammals
Miniature Horse,Mammals
Shetland Pony,Mammals
Miniature Donkey,Mammals
Falabella,Mammals
American Miniature Horse,Mammals
Appaloosa Miniature Horse,Mammals
Pintaloosa Miniature Horse,Mammals
Belgian Hare (Rabbit),Mammals
Continental Giant Rabbit,Mammals
Scottish Fold (Cat),Mammals
Savannah Cat,Mammals
Bengal Cat,Mammals
Sphinx Cat,Mammals
Woolly Monkey,Mammals
Capuchin Monkey,Mammals
Tamandua (Anteater),Mammals
African Pygmy Hedgehog,Mammals
Hedgehogs,Rare
Sugar Gliders,Rare
Skunks,Rare
Kinkajous,Rare
Coatimundis,Rare
Raccoons,Rare
Opossums,Rare
Porcupines,Rare
Armadillos,Rare
Sloths,Rare
Genets,Rare
Civets,Rare
Serval,Rare
Caracal,Rare
Ocelot,Rare
Canada Lynx,Rare
Eurasian Lynx,Rare
Iberian Lynx,Rare
Red Fox,Rare
Arctic Fox,Rare
Fennec Fox,Rare
Muntjac Deer,Rare
Key Deer,Rare
Roe Deer,Rare
Springbok,Rare
Dik-dik,Rare
Klipspringer,Rare
Wallaby,Rare
Quokka,Rare
Pademelon,Rare
Wallaroos,Rare
Emus,Rare
Bush Baby,Rare
Bengal Cat,Rare
Savannah Cat,Rare
Pixie Frog,Rare
Giant Day Gecko,Rare
Veiled Chameleon,Rare
Panther Chameleon,Rare
Yellow-footed Tortoise,Rare
Red-footed Tortoise,Rare
Sulcata Tortoise,Rare
Turtles,Reptiles
Tortoises,Reptiles
Ball Python,Reptiles
Corn Snake,Reptiles
Royal Python,Reptiles
Boa Constrictor,Reptiles
California Kingsnake,Reptiles
Rosy Boa,Reptiles
Garter Snake,Reptiles
Green Tree Python,Reptiles
Burmese Python,Reptiles
Carpet Python,Reptiles
Hognose Snake,Reptiles
Milk Snake,Reptiles
Rainbow Boa,Reptiles
Black Rat Snake,Reptiles
Iguana,Reptiles
Bearded Dragon,Reptiles
Leopard Gecko,Reptiles
Crested Gecko,Reptiles
Anole,Reptiles
Uromastyx,Reptiles
Blue-Tongued Skink,Reptiles
Water Dragon,Reptiles
Monitor Lizard,Reptiles
Chameleon,Reptiles
American Alligator,Reptiles
Nile Crocodile,Reptiles
Gharial,Reptiles
Agama,Reptiles
Tegu,Reptiles
Dwarf Caiman,Reptiles
American Alligator,Reptiles
Corn Snake,Reptiles
King Snake,Reptiles
Pine Snake,Reptiles
African Fat-tailed Gecko,Reptiles
Day Gecko,Reptiles
Tokay Gecko,Reptiles
Spiny-tailed Lizard,Reptiles
Chinese Water Dragon,Reptiles
Red-eared Slider Turtle,Reptiles
Box Turtle,Reptiles
Amphibians,Reptiles
Pacman Frog,Reptiles
White's Tree Frog,Reptiles
Red-eyed Tree Frog,Reptiles
African Dwarf Frog,Reptiles
Tomato Frog,Reptiles
Fire-bellied Toad,Reptiles
